<application>
  <component name="FeatureSuggesterSettings">
    <option name="workingDays">
      <list>
        <option value="1657465703300" />
        <option value="1657588305627" />
        <option value="1657694287952" />
        <option value="1657762296704" />
        <option value="1657851060869" />
        <option value="1658106899200" />
        <option value="1658193540836" />
        <option value="1658278443599" />
        <option value="1658451655495" />
        <option value="1658568252495" />
        <option value="1658710699925" />
        <option value="1658795598706" />
        <option value="1658883073111" />
        <option value="1658969878596" />
        <option value="1659056266782" />
        <option value="1659240763347" />
        <option value="1659314648610" />
        <option value="1659402047793" />
        <option value="1659488157684" />
        <option value="1659564506155" />
        <option value="1659660471980" />
        <option value="1659850913987" />
        <option value="1659935827701" />
        <option value="1660022155930" />
        <option value="1660132434364" />
        <option value="1660217392654" />
        <option value="1660451224615" />
        <option value="1660617354140" />
        <option value="1660810489471" />
        <option value="1661152361126" />
      </list>
    </option>
  </component>
</application>