<application>
  <component name="FileTypeManager" version="18">
    <extensionMap>
      <mapping pattern="server_partition.config" type="IgnoreLang file" />
      <mapping pattern="Java8Stream" type="JAVA" />
      <mapping ext="space.kts" type="Kotlin" />
      <mapping ext="gradle.kts" type="Kotlin" />
      <mapping ext="main.kts" type="Kotlin" />
      <mapping ext="overview" type="Markdown" />
      <mapping ext="basic-type-and-operators" type="Markdown" />
      <mapping ext="class-and-objects" type="Markdown" />
      <mapping pattern="unit12-열거형-사용하기" type="PLAIN_TEXT" />
      <mapping pattern="part-00000" type="PLAIN_TEXT" />
      <mapping pattern="unit24-함수-사용하기" type="PLAIN_TEXT" />
      <mapping pattern="_SUCCESS" type="PLAIN_TEXT" />
      <mapping pattern="common.properties" type="PLAIN_TEXT" />
      <mapping pattern="Java8Stream.java" type="PLAIN_TEXT" />
      <mapping pattern="sample_fake_urls" type="PLAIN_TEXT" />
      <mapping pattern="sample_fake_urls.txt" type="PLAIN_TEXT" />
      <mapping pattern="server_partition" type="PLAIN_TEXT" />
      <mapping pattern="ddddd" type="PLAIN_TEXT" />
      <mapping pattern="sample" type="PLAIN_TEXT" />
      <mapping pattern="unit09-문자열-사용하기" type="PLAIN_TEXT" />
      <mapping pattern=".gitignore" type="PLAIN_TEXT" />
      <mapping pattern="part-00011" type="PLAIN_TEXT" />
      <mapping pattern="part-00010" type="PLAIN_TEXT" />
      <mapping pattern="aa" type="PLAIN_TEXT" />
      <mapping pattern="Dockerfile-local" type="PLAIN_TEXT" />
      <mapping ext="dc" type="PLAIN_TEXT" />
      <mapping ext="inc" type="PLAIN_TEXT" />
      <mapping ext="svc" type="PLAIN_TEXT" />
      <mapping ext="ac" type="PLAIN_TEXT" />
      <mapping ext="dcinside" type="PLAIN_TEXT" />
      <mapping ext="dev" type="PLAIN_TEXT" />
      <mapping ext="online" type="PLAIN_TEXT" />
      <mapping ext="y" type="PLAIN_TEXT" />
      <mapping ext="conf" type="PLAIN_TEXT" />
      <mapping pattern="Problem771" type="Scala" />
      <removed_mapping ext="apk" approved="true" type="ARCHIVE" />
      <removed_mapping ext="cfg" approved="true" type="PLAIN_TEXT" />
      <removed_mapping ext="ini" approved="true" type="AUTO_DETECTED" />
      <removed_mapping ext="psd" approved="true" type="Image" />
      <removed_mapping ext="rs" approved="true" type="Android RenderScript" />
    </extensionMap>
  </component>
</application>