<application>
  <component name="ProjectManager">
    <defaultProject>
      <component name="DefaultGradleProjectSettings">
        <option name="isMigrated" value="true" />
      </component>
      <component name="GradleLocalSettings">
        <option name="projectSyncType">
          <map>
            <entry key="$USER_HOME$/Desktop/demo" value="PREVIEW" />
            <entry key="$USER_HOME$/Zoe/crawler/slimer" value="PREVIEW" />
            <entry key="$USER_HOME$/Zoe/namer" value="PREVIEW" />
            <entry key="$USER_HOME$/Zoe/raam/demo" value="PREVIEW" />
            <entry key="$USER_HOME$/Zoe/raam/endgame/crawler-lib-common" value="PREVIEW" />
            <entry key="$USER_HOME$/Zoe/raam/endgame/crawler-lib-hbase" value="PREVIEW" />
            <entry key="$USER_HOME$/Zoe/raam/endgame/dnscrawler" value="PREVIEW" />
            <entry key="$USER_HOME$/Zoe/raam/endgame/fetch-manager" value="PREVIEW" />
            <entry key="$USER_HOME$/Zoe/raam/endgame/fetch-register" value="PREVIEW" />
            <entry key="$USER_HOME$/Zoe/raam/endgame/fetch-rule-manager" value="PREVIEW" />
            <entry key="$USER_HOME$/Zoe/raam/endgame/robots-crawler" value="PREVIEW" />
            <entry key="$USER_HOME$/Zoe/raam/endgame/starter" value="PREVIEW" />
            <entry key="$USER_HOME$/Zoe/raam/http-agent" value="PREVIEW" />
            <entry key="$USER_HOME$/Zoe/raam/raam-apps" value="PREVIEW" />
            <entry key="$USER_HOME$/Zoe/raam/raam-apps-api" value="PREVIEW" />
            <entry key="$USER_HOME$/Zoe/raam/raam-rendering" value="PREVIEW" />
            <entry key="$USER_HOME$/Zoe/raam/raam-robotrule" value="PREVIEW" />
            <entry key="$USER_HOME$/Zoe/raam/raam-web" value="PREVIEW" />
            <entry key="$USER_HOME$/Zoe/raam/raam-web-online" value="PREVIEW" />
            <entry key="$USER_HOME$/Zoe/raam/slimer-manager" value="PREVIEW" />
            <entry key="$USER_HOME$/Zoe/zoe-m/demo" value="PREVIEW" />
            <entry key="$USER_HOME$/demo/robot-rule-api" value="PREVIEW" />
            <entry key="$USER_HOME$/demo/spring-boot-tutorial" value="PREVIEW" />
          </map>
        </option>
      </component>
      <component name="ProjectRootManager" version="2" languageLevel="JDK_1_8" project-jdk-name="1.8" project-jdk-type="JavaSDK" />
      <component name="PropertiesComponent">
        <property name="nodejs_interpreter_path.stuck_in_default_project" value="undefined stuck path" />
        <property name="nodejs_npm_path_reset_for_default_project" value="true" />
        <property name="project.structure.last.edited" value="Project" />
        <property name="project.structure.proportion" value="0.0" />
        <property name="project.structure.side.proportion" value="0.0" />
        <property name="settings.editor.selected.configurable" value="editor.preferences.gutterIcons" />
      </component>
      <component name="SbtLocalSettings">
        <option name="projectSyncType">
          <map>
            <entry key="$USER_HOME$/Zoe/namer-spark" value="PREVIEW" />
          </map>
        </option>
      </component>
      <component name="ScalaSbtSettings">
        <option name="customVMPath" />
      </component>
      <component name="masterDetails">
        <states>
          <state key="GlobalLibrariesConfigurable.UI">
            <settings>
              <splitter-proportions>
                <option name="proportions">
                  <list>
                    <option value="0.2" />
                  </list>
                </option>
              </splitter-proportions>
            </settings>
          </state>
          <state key="JdkListConfigurable.UI">
            <settings>
              <splitter-proportions>
                <option name="proportions">
                  <list>
                    <option value="0.2" />
                  </list>
                </option>
              </splitter-proportions>
            </settings>
          </state>
          <state key="ProjectJDKs.UI">
            <settings>
              <last-edited>1.8</last-edited>
              <splitter-proportions>
                <option name="proportions">
                  <list>
                    <option value="0.2" />
                  </list>
                </option>
              </splitter-proportions>
            </settings>
          </state>
          <state key="ProjectLibrariesConfigurable.UI">
            <settings>
              <splitter-proportions>
                <option name="proportions">
                  <list>
                    <option value="0.2" />
                  </list>
                </option>
              </splitter-proportions>
            </settings>
          </state>
        </states>
      </component>
    </defaultProject>
  </component>
</application>