<application>
  <component name="GitRememberedInputs">
    <option name="visitedUrls">
      <list>
        <UrlAndUserName>
          <option name="url" value="https://github.daumkakao.com/namer/namer.git" />
          <option name="userName" value="" />
        </UrlAndUserName>
        <UrlAndUserName>
          <option name="url" value="http://github.daumkakao.com" />
          <option name="userName" value="zoe.m" />
        </UrlAndUserName>
        <UrlAndUserName>
          <option name="url" value="https://github.daumkakao.com/namer/namer-spark.git" />
          <option name="userName" value="" />
        </UrlAndUserName>
        <UrlAndUserName>
          <option name="url" value="http://github.com" />
          <option name="userName" value="iamminji" />
        </UrlAndUserName>
        <UrlAndUserName>
          <option name="url" value="http://github.kakaocorp.com" />
          <option name="userName" value="soy.latte" />
        </UrlAndUserName>
        <UrlAndUserName>
          <option name="url" value="git@github.kakaocorp.com:webcrawler/common-mock-api.git" />
          <option name="userName" value="" />
        </UrlAndUserName>
      </list>
    </option>
    <option name="cloneParentDir" value="$USER_HOME$/Zoe" />
  </component>
  <component name="Vcs.Log.App.Settings">
    <option name="SHOW_DIFF_PREVIEW" value="true" />
    <option name="COLUMN_ID_ORDER">
      <list>
        <option value="Default.Root" />
        <option value="Default.Subject" />
        <option value="Default.Author" />
        <option value="Default.Date" />
      </list>
    </option>
  </component>
</application>