<keymap version="1" name="Mac OS X 10.5+ copy" parent="Mac OS X 10.5+">
  <action id="AutoIndentLines">
    <keyboard-shortcut first-keystroke="ctrl meta l" />
  </action>
  <action id="CodeCompletion">
    <keyboard-shortcut first-keystroke="ctrl slash" />
  </action>
  <action id="Scala.ShowImplicits">
    <keyboard-shortcut first-keystroke="shift ctrl alt equals" />
    <keyboard-shortcut first-keystroke="shift ctrl alt add" />
  </action>
  <action id="SmartTypeCompletion">
    <keyboard-shortcut first-keystroke="ctrl semicolon" />
  </action>
</keymap>